Size,Bubble
10,1e-06
60,1.94e-05
110,5.32e-05
160,0.0001058
210,0.0001641
260,0.0002575
310,0.0003665
360,0.0004399
410,0.0005446
460,0.0006782
510,0.0007397
560,0.0008556
610,0.0010149
660,0.0010377
710,0.0011161
760,0.0011782
810,0.0012323
860,0.0013501
910,0.0014886
960,0.0020247
1010,0.0018965
1060,0.0019897
1110,0.0022582
1160,0.0023861
1210,0.0026308
1260,0.0028609
1310,0.0031162
1360,0.0032558
1410,0.0034538
1460,0.0038408
1510,0.0041177
1560,0.0043312
1610,0.0047312
1660,0.0050841
1710,0.0052724
1760,0.006163
1810,0.0123223
1860,0.0097597
1910,0.0071177
1960,0.0078968
2010,0.0094924
2060,0.007551
2110,0.009644
2160,0.0088261
2210,0.0089858
2260,0.009635
2310,0.0100861
2360,0.0109187
2410,0.0114224
2460,0.0107855
2510,0.012502
2560,0.0180915
2610,0.014605
2660,0.0141437
2710,0.0146525
2760,0.0154552
2810,0.0149272
2860,0.01678
2910,0.0163788
2960,0.0173185
3010,0.0218567
3060,0.0179567
3110,0.0179138
3160,0.0186891
3210,0.0197952
3260,0.0207984
3310,0.0220862
3360,0.0205556
3410,0.0234507
3460,0.0232188
3510,0.0311526
3560,0.0254844
3610,0.0244545
3660,0.0267602
3710,0.0267932
3760,0.0282961
3810,0.0314031
3860,0.0306247
3910,0.0300691
3960,0.0371012
4010,0.0379786
4060,0.042074
4110,0.0371687
4160,0.0355286
4210,0.0337217
4260,0.0339771
4310,0.0349091
4360,0.0402006
4410,0.0382192
4460,0.0466371
4510,0.0493764
4560,0.0454858
4610,0.0457092
4660,0.0475227
4710,0.0508633
4760,0.0522819
4810,0.0528491
4860,0.0521794
4910,0.0564257
4960,0.0529685
