100,6.15e-05,7e-07,0.0001078,6.37e-05,2.5e-05,5.52e-05,2.32e-05,9e-07,4.18e-05,2.5e-05,1.62e-05,1.61e-05,9.9e-06,3.3e-06,3.2e-06,1.45e-05,1.5e-05,1.26e-05
200,0.0001687,9e-07,0.0003739,0.000211,9.52e-05,0.0002068,8.15e-05,1.6e-06,0.0001558,4.8e-05,3.42e-05,3.36e-05,1.98e-05,7.4e-06,7.9e-06,3.31e-05,3.25e-05,2.84e-05
300,0.0004164,1.3e-06,0.0006532,0.0003451,0.0002857,0.0004315,0.0001839,2.1e-06,0.0003009,7.86e-05,5.31e-05,4.75e-05,2.75e-05,9.5e-06,9.4e-06,4.59e-05,4.53e-05,4e-05
400,0.0006225,1.6e-06,0.0012209,0.0006084,0.0003248,0.0007065,0.0002976,2.7e-06,0.0005433,8.26e-05,6.1e-05,6.08e-05,3.6e-05,1.31e-05,1.3e-05,6.29e-05,6.54e-05,5.48e-05
500,0.0008534,2e-06,0.0017232,0.0009364,0.0005088,0.0011232,0.0004375,3.4e-06,0.0008331,0.0001101,8.3e-05,8.15e-05,4.42e-05,1.63e-05,1.73e-05,8.18e-05,7.94e-05,7.26e-05
600,0.0012614,2.4e-06,0.0024876,0.0013927,0.0007323,0.0016406,0.0006194,4.1e-06,0.0011904,0.0001626,0.0001092,9.62e-05,5.47e-05,1.89e-05,1.97e-05,9.96e-05,9.77e-05,8.81e-05
700,0.0017527,2.7e-06,0.0033467,0.0019067,0.0009855,0.0022104,0.0008865,5.2e-06,0.0016096,0.000159,0.0001115,0.0001115,6.47e-05,2.16e-05,2.23e-05,0.0001209,0.0001175,0.0001091
800,0.0022567,3.3e-06,0.0045072,0.0024723,0.0012926,0.0030155,0.0010822,6e-06,0.002109,0.0001816,0.0001387,0.0001326,7.65e-05,2.7e-05,2.81e-05,0.0001413,0.0001379,0.0001234
900,0.0030101,3.6e-06,0.0060263,0.0031391,0.0016355,0.003736,0.0014648,6.2e-06,0.0028903,0.0002735,0.0001495,0.0001842,8.82e-05,2.88e-05,3e-05,0.0001631,0.0001577,0.0001454
1000,0.0035265,4.1e-06,0.0075521,0.003985,0.0020142,0.0045138,0.0016311,7.5e-06,0.0036127,0.0002669,0.0001659,0.0001657,0.0001184,3.5e-05,3.63e-05,0.0002166,0.0001974,0.0001555
1100,0.0040718,4.4e-06,0.0085393,0.0050803,0.0024353,0.0056464,0.0019233,7.8e-06,0.0047245,0.000255,0.0001838,0.0001818,0.00011,3.53e-05,3.79e-05,0.000201,0.0001911,0.0001813
1200,0.0052207,4.8e-06,0.0109296,0.0054714,0.0029031,0.0077003,0.0028694,9.1e-06,0.0049862,0.0003267,0.0002058,0.0002029,0.0001201,3.79e-05,4.08e-05,0.0002179,0.0002048,0.0001957
1300,0.0062136,5.2e-06,0.012186,0.0069554,0.0033853,0.0082836,0.0030008,9.7e-06,0.0054826,0.0003393,0.0002244,0.0002192,0.00013,4.24e-05,4.48e-05,0.0002459,0.0002304,0.0002183
1400,0.0077642,5.7e-06,0.0167605,0.0087729,0.0044741,0.0101616,0.0035725,1.98e-05,0.0067829,0.000334,0.0003338,0.0002669,0.0001431,4.61e-05,4.81e-05,0.0003009,0.0002972,0.0002347
1500,0.0080093,6e-06,0.0159247,0.0089597,0.0045803,0.01063,0.0036474,1.15e-05,0.0075676,0.0003677,0.0002624,0.0002576,0.0001524,4.88e-05,5.25e-05,0.0002798,0.0002664,0.0002595
1600,0.0098789,6.4e-06,0.0186096,0.0107107,0.0051687,0.0126009,0.0043457,1.09e-05,0.0089178,0.0005142,0.0002743,0.0002722,0.0001597,4.98e-05,5.3e-05,0.0003162,0.0003046,0.0002747
1700,0.0107099,1.47e-05,0.0212812,0.0114258,0.0059448,0.0145672,0.0050401,1.27e-05,0.0098766,0.0004675,0.0004684,0.0002908,0.0001759,6.08e-05,6.45e-05,0.0003435,0.0003176,0.0003004
1800,0.0112408,7.1e-06,0.0228788,0.0127933,0.0068141,0.0149642,0.0054376,1.22e-05,0.0112985,0.0004945,0.000318,0.0003056,0.0001839,7.39e-05,6.08e-05,0.0003407,0.0003232,0.0003013
1900,0.0128908,7.7e-06,0.0259123,0.0144577,0.0073775,0.0172577,0.0060658,1.26e-05,0.0131819,0.0004779,0.0003438,0.0003229,0.0003204,7.33e-05,7.54e-05,0.0003765,0.0003518,0.0004828
2000,0.0147082,8e-06,0.0285693,0.016054,0.0080732,0.021406,0.0069463,1.51e-05,0.0137793,0.0005341,0.0003543,0.0003534,0.0002135,7.13e-05,7.71e-05,0.0003896,0.000367,0.0003643
2100,0.0157095,8.3e-06,0.0317752,0.017645,0.0089949,0.0216024,0.0074614,1.61e-05,0.0151906,0.0005213,0.000373,0.000381,0.0002169,7.71e-05,8.13e-05,0.0004263,0.0003971,0.000373
2200,0.0170357,8.7e-06,0.0347485,0.0205478,0.0098736,0.0239348,0.0084252,1.67e-05,0.0167551,0.0005562,0.0004037,0.0003986,0.0002285,7.45e-05,7.94e-05,0.0004402,0.0004196,0.0003884
2300,0.0196273,9.2e-06,0.0392356,0.0213754,0.0113174,0.0258739,0.0094007,1.71e-05,0.0182506,0.0005694,0.0004161,0.0004082,0.0002521,8.16e-05,8.75e-05,0.0004785,0.0004421,0.0004147
2400,0.0215717,9.6e-06,0.0421646,0.0233012,0.0120733,0.0280401,0.0097297,1.78e-05,0.0204492,0.0005945,0.0004345,0.0004278,0.0002664,8.66e-05,8.75e-05,0.000472,0.0008029,0.0004682
2500,0.0226706,1.29e-05,0.0451532,0.025565,0.0125627,0.0305482,0.0107527,1.78e-05,0.021279,0.0006847,0.0004522,0.0004374,0.0002629,8.51e-05,9.1e-05,0.0005994,0.0004706,0.0004535
2600,0.0246407,1.03e-05,0.0486067,0.0278902,0.0144782,0.0329131,0.0119832,1.94e-05,0.0235469,0.0007921,0.000636,0.000602,0.000431,9.05e-05,0.000221,0.0005932,0.0004981,0.0004683
2700,0.0268534,1.06e-05,0.0528821,0.0300493,0.0151536,0.0355846,0.0127758,2e-05,0.0251341,0.0007339,0.0004981,0.0004945,0.0002937,8.9e-05,9.62e-05,0.000571,0.0005257,0.0004901
2800,0.0279015,1.11e-05,0.0572341,0.0315231,0.0160362,0.0378722,0.0135879,1.92e-05,0.0271324,0.0007301,0.0005109,0.0007193,0.0003031,9.85e-05,9.94e-05,0.0006209,0.0005576,0.0005145
2900,0.0299044,1.15e-05,0.0629599,0.03464,0.0172954,0.0406196,0.0145276,2.16e-05,0.0290143,0.000745,0.0005372,0.0005191,0.0003102,9.56e-05,0.000102,0.000608,0.0005996,0.00055
3000,0.0340373,1.19e-05,0.0644748,0.0372084,0.018617,0.0443136,0.0160604,2.23e-05,0.0310156,0.000835,0.0005507,0.0005396,0.000315,0.0001025,0.0001103,0.0006367,0.0005868,0.0005631
3100,0.0349783,1.22e-05,0.0696704,0.0398868,0.0204335,0.04718,0.0167357,2.1e-05,0.035103,0.0008367,0.0005848,0.0005687,0.0003319,0.0001033,0.0001092,0.0006629,0.0006466,0.0005803
3200,0.0368669,1.26e-05,0.0764276,0.0420032,0.0213205,0.0487085,0.0185801,2.44e-05,0.0352146,0.0008206,0.0005956,0.0005855,0.0003495,0.0001157,0.0001185,0.0008015,0.0006354,0.0005929
3300,0.0393512,1.3e-05,0.079884,0.0444923,0.0225733,0.0536073,0.0189119,2.45e-05,0.0378868,0.0011248,0.0005982,0.0005952,0.000358,0.0001474,0.0001415,0.0007005,0.0006676,0.00062
3400,0.0412041,1.34e-05,0.0815114,0.0458987,0.0236284,0.0560719,0.0203971,2.88e-05,0.0389195,0.0009016,0.0006307,0.0006138,0.000368,0.0001112,0.0001381,0.0007412,0.000669,0.0006576
3500,0.0452471,1.38e-05,0.0892861,0.0507944,0.0259894,0.0612611,0.0218916,2.38e-05,0.0417107,0.0009446,0.0006455,0.0006673,0.000385,0.0001204,0.0001286,0.0007786,0.0007295,0.0009787
3600,0.0478628,1.42e-05,0.0931791,0.0535278,0.0267546,0.0640365,0.0232508,2.44e-05,0.0462048,0.00092,0.0007197,0.0006572,0.0003975,0.0001375,0.000152,0.0010438,0.0007165,0.0006852
3700,0.0519123,1.46e-05,0.100491,0.0557806,0.0286058,0.0678269,0.0244571,2.75e-05,0.0489397,0.0009985,0.0006846,0.0006771,0.0003985,0.0001445,0.0001571,0.0008043,0.0007343,0.0007044
3800,0.0527709,1.5e-05,0.106701,0.0602322,0.0299466,0.0700183,0.025094,2.82e-05,0.0496263,0.0009717,0.000775,0.0006968,0.0004134,0.0001489,0.000153,0.0008259,0.0008845,0.0007267
3900,0.0570682,1.54e-05,0.113564,0.0644711,0.0320545,0.0720452,0.0258872,2.66e-05,0.0525148,0.0014976,0.000735,0.0007215,0.0006027,0.0001888,0.0001588,0.0008914,0.0007914,0.0007366
4000,0.0584712,1.57e-05,0.116417,0.0661425,0.0326255,0.0753263,0.0278352,2.77e-05,0.0561252,0.0010534,0.0007689,0.0009686,0.0005198,0.0001573,0.0001586,0.0008794,0.0007993,0.00076
4100,0.0655691,1.62e-05,0.121565,0.0706451,0.0352821,0.081676,0.0293548,3.13e-05,0.0579913,0.0010675,0.0009589,0.0007881,0.0004911,0.0001857,0.0001538,0.0009132,0.000925,0.0007727
4200,0.0647658,1.65e-05,0.127728,0.0722661,0.0364699,0.0879533,0.0315159,2.94e-05,0.0615036,0.0011079,0.0007903,0.0007783,0.000506,0.0001877,0.0001714,0.0009729,0.0008416,0.0008069
4300,0.0701786,1.69e-05,0.133479,0.0792032,0.0410776,0.0922589,0.0329287,3.28e-05,0.0668186,0.0011435,0.0008107,0.000802,0.0004648,0.0001539,0.000177,0.000998,0.0008797,0.0008281
4400,0.0736075,1.73e-05,0.142811,0.0795263,0.0403637,0.0957715,0.0337347,3.26e-05,0.0688489,0.0011547,0.0010838,0.000829,0.0004896,0.0001566,0.0001685,0.0009738,0.0010116,0.0010093
4500,0.0736173,1.78e-05,0.146263,0.0836471,0.0412808,0.100924,0.0340301,3.15e-05,0.0711391,0.001189,0.0008667,0.0008917,0.000506,0.0001672,0.0001714,0.0010242,0.0010571,0.0008696
4600,0.0766386,1.82e-05,0.151651,0.0875557,0.0435646,0.102488,0.0350136,3.42e-05,0.0743208,0.0012127,0.0009202,0.0008772,0.0005105,0.0001645,0.0001775,0.0010231,0.0009349,0.0008826
4700,0.0842309,1.85e-05,0.163062,0.0924718,0.0453927,0.103993,0.0402302,3.19e-05,0.0734928,0.0012492,0.0008914,0.0008833,0.0005343,0.0001677,0.0001853,0.0010431,0.0009576,0.0009062
4800,0.0816023,1.89e-05,0.165112,0.0968257,0.0471065,0.110114,0.0385934,3.48e-05,0.0826851,0.0013079,0.0009182,0.000904,0.0005306,0.0001729,0.0001846,0.0011049,0.0009911,0.0009337
4900,0.086589,1.94e-05,0.171962,0.0998655,0.0486766,0.116575,0.0416064,3.74e-05,0.0829009,0.0013978,0.0009293,0.0009073,0.0005384,0.0001805,0.0001882,0.0011,0.0010056,0.0009591
5000,0.091433,1.97e-05,0.181847,0.103706,0.0507358,0.124044,0.0430421,3.82e-05,0.0842903,0.0013437,0.000978,0.0009515,0.0005599,0.0001792,0.0001925,0.0011028,0.0010326,0.0009719
5100,0.0968921,2.01e-05,0.187452,0.10749,0.0528605,0.127358,0.0459001,3.79e-05,0.0883466,0.00175,0.0011556,0.0009627,0.0005724,0.0001826,0.0002005,0.0011723,0.001548,0.0009944
5200,0.0986528,2.09e-05,0.195724,0.113309,0.055017,0.131055,0.047007,4.41e-05,0.094331,0.0013982,0.0010209,0.000983,0.0006002,0.0001848,0.0001995,0.0011658,0.0010789,0.0010576
5300,0.102703,2.1e-05,0.200425,0.117315,0.0573164,0.135677,0.0480765,4.17e-05,0.0963243,0.0014405,0.001017,0.001022,0.0006508,0.0002198,0.0002076,0.0011844,0.0010958,0.0010464
5400,0.107669,2.13e-05,0.206952,0.120648,0.0607725,0.140991,0.0515943,4.72e-05,0.0972059,0.0014431,0.0010372,0.001028,0.000608,0.0002249,0.0002098,0.0012962,0.0011377,0.0010536
5500,0.112526,2.18e-05,0.2185,0.126321,0.0616299,0.144558,0.0537579,4.76e-05,0.104772,0.0014587,0.0010942,0.001049,0.0006134,0.0001967,0.0002084,0.0013159,0.0011823,0.0010941
5600,0.111768,2.22e-05,0.225798,0.130492,0.0653237,0.152173,0.0528121,4.27e-05,0.106475,0.0016626,0.0010974,0.0010689,0.0006194,0.000194,0.0002121,0.0012749,0.0011828,0.0011332
5700,0.117521,2.25e-05,0.231435,0.134614,0.0678598,0.156941,0.0566587,3.94e-05,0.110704,0.0015342,0.001095,0.0010915,0.0006865,0.0001976,0.0002122,0.0014679,0.0013339,0.0011824
5800,0.124357,2.28e-05,0.243173,0.142691,0.0699778,0.163946,0.0599188,4.6e-05,0.11527,0.0015669,0.0011208,0.0010909,0.0006554,0.0002025,0.0002126,0.0015424,0.0012366,0.0011872
5900,0.12873,2.33e-05,0.249274,0.144777,0.0713935,0.167716,0.061433,4.87e-05,0.120339,0.0018018,0.0011546,0.0011105,0.0006696,0.0002108,0.0002298,0.0013639,0.0016969,0.0011632
6000,0.130537,2.37e-05,0.254138,0.150785,0.0747967,0.178439,0.0616162,5.23e-05,0.123116,0.0015943,0.0011543,0.0011547,0.0006767,0.0002159,0.000233,0.0017154,0.0012746,0.0011581
6100,0.134856,2.43e-05,0.269269,0.157092,0.0765674,0.176953,0.0636764,5.1e-05,0.127061,0.0016703,0.00118,0.0011673,0.0006915,0.0002597,0.0002298,0.0014299,0.0012769,0.0013326
6200,0.137442,2.44e-05,0.277664,0.159891,0.0794416,0.184074,0.0666247,5e-05,0.130194,0.0016965,0.0012049,0.001179,0.000708,0.0002194,0.000239,0.001434,0.0012983,0.0012854
6300,0.144751,2.48e-05,0.2841,0.167926,0.0818147,0.194842,0.0689754,4.81e-05,0.132605,0.0017004,0.00121,0.001405,0.0008217,0.0002495,0.0005078,0.00146,0.0013387,0.0012637
6400,0.147769,2.71e-05,0.292518,0.17066,0.0838941,0.204117,0.0730615,4.62e-05,0.13996,0.0017302,0.0012569,0.0012128,0.0007188,0.0002199,0.0002329,0.0014873,0.0013525,0.0013657
6500,0.151934,2.57e-05,0.301845,0.17587,0.0867372,0.205616,0.073536,5.21e-05,0.143256,0.0019708,0.0012477,0.0012801,0.0007579,0.0002562,0.0002722,0.0015043,0.001364,0.0012928
6600,0.153433,2.59e-05,0.316979,0.185175,0.0877234,0.219103,0.0748672,5.13e-05,0.150337,0.001927,0.0012723,0.0012429,0.0008908,0.000259,0.0002738,0.0015334,0.0014012,0.0013234
6700,0.164235,3.33e-05,0.328575,0.186839,0.090397,0.21608,0.0808748,6.17e-05,0.151341,0.0018234,0.001292,0.0012645,0.0007743,0.0002487,0.0002503,0.0016913,0.0014699,0.0013109
6800,0.169276,2.7e-05,0.327286,0.19395,0.0945102,0.226224,0.0805903,4.61e-05,0.158099,0.0020422,0.0013548,0.0013094,0.0007643,0.0002361,0.0002523,0.0016386,0.0015881,0.0013726
6900,0.171111,2.97e-05,0.339374,0.198009,0.0973466,0.228398,0.0821024,5.15e-05,0.161642,0.0019253,0.0013306,0.0013643,0.0007955,0.0002781,0.0002861,0.0016068,0.001467,0.0013873
7000,0.17743,2.82e-05,0.348849,0.202748,0.100266,0.232498,0.0846645,5.83e-05,0.167949,0.0019268,0.0013667,0.0013566,0.0008341,0.0002656,0.0002878,0.0016399,0.0015059,0.0014458
7100,0.182285,3.92e-05,0.362659,0.211927,0.10234,0.244195,0.0857869,4.81e-05,0.172253,0.0019616,0.0013947,0.0013828,0.0010455,0.0002533,0.0002792,0.0020555,0.001587,0.0014806
7200,0.182361,2.84e-05,0.368666,0.217911,0.104702,0.243492,0.0905939,5.37e-05,0.175543,0.0019848,0.00139,0.0014018,0.0008496,0.0002792,0.0002934,0.0016932,0.0015996,0.001486
7300,0.189022,3.34e-05,0.375359,0.221489,0.109533,0.256667,0.0923655,5.41e-05,0.185432,0.0019871,0.0014065,0.0015216,0.0008376,0.0003122,0.0004675,0.0017515,0.0015569,0.0014998
7400,0.191601,2.97e-05,0.388628,0.227594,0.110336,0.263506,0.0961206,6.23e-05,0.184984,0.0020598,0.0014359,0.0014294,0.0008504,0.0002692,0.0002928,0.0017347,0.0017159,0.0015061
7500,0.209242,2.97e-05,0.408324,0.237644,0.113302,0.274548,0.0990709,6.57e-05,0.195223,0.0021639,0.00147,0.0014455,0.000862,0.0003142,0.0003307,0.001768,0.0016103,0.0015339
7600,0.207354,3.37e-05,0.406035,0.241295,0.116587,0.275113,0.0979686,5.48e-05,0.194959,0.0021189,0.0014698,0.0018092,0.0008648,0.0003256,0.0003489,0.0017955,0.0016125,0.0015665
7700,0.212895,3.05e-05,0.420207,0.2494,0.122782,0.287198,0.101819,6.83e-05,0.201243,0.0020935,0.0014993,0.0016168,0.0009037,0.0003165,0.0003081,0.0018026,0.001637,0.0015967
7800,0.213601,3.36e-05,0.434416,0.255272,0.124007,0.290424,0.107976,6.57e-05,0.209554,0.0021523,0.0015058,0.0016845,0.0009316,0.0003113,0.0003264,0.00186,0.001708,0.0015929
7900,0.223486,3.13e-05,0.4412,0.258546,0.126293,0.299083,0.107347,6.99e-05,0.214179,0.0021588,0.0015719,0.0016742,0.0009236,0.0003213,0.0003379,0.0018249,0.0017272,0.001631
8000,0.228117,3.51e-05,0.459784,0.272018,0.130579,0.297356,0.110806,5.94e-05,0.216128,0.0021891,0.0015668,0.0015382,0.0009197,0.0003119,0.0003282,0.0019046,0.0017304,0.0016401
8100,0.23838,3.63e-05,0.462475,0.272421,0.132485,0.315316,0.112705,6.5e-05,0.220089,0.0022246,0.001602,0.0015851,0.000946,0.0003283,0.0003486,0.0019614,0.0021609,0.0017229
8200,0.247886,0.0001077,0.474725,0.284647,0.137057,0.325729,0.116322,6.09e-05,0.229457,0.002243,0.0016232,0.0015658,0.000967,0.0003085,0.0003263,0.0019615,0.0019129,0.0016787
8300,0.249021,3.61e-05,0.489527,0.287784,0.141344,0.332591,0.117949,6.91e-05,0.230433,0.0023541,0.0016075,0.0018799,0.0009901,0.0003304,0.0003554,0.0019747,0.0018007,0.0017
8400,0.256209,3.65e-05,0.493141,0.29425,0.143541,0.33493,0.119541,6.15e-05,0.238759,0.0023171,0.0016457,0.0016351,0.0009915,0.0003185,0.0003408,0.0020568,0.0018914,0.0019756
8500,0.261029,3.67e-05,0.516085,0.301996,0.145784,0.344837,0.126275,8.01e-05,0.244745,0.0023795,0.0017286,0.0017237,0.0009873,0.0003198,0.0003421,0.0020348,0.001824,0.0017406
8600,0.27173,3.84e-05,0.518626,0.310763,0.150948,0.359667,0.131062,8.02e-05,0.268435,0.0024463,0.0017467,0.0016937,0.0010222,0.0003434,0.0003452,0.0020591,0.0018681,0.0018052
8700,0.275513,3.81e-05,0.539085,0.317344,0.154475,0.360307,0.130954,7.77e-05,0.258425,0.0024232,0.0017488,0.0017015,0.0010296,0.0003534,0.0003689,0.0020984,0.0019334,0.0017857
8800,0.278574,3.48e-05,0.54625,0.325632,0.157896,0.372246,0.136761,8.19e-05,0.262111,0.0024293,0.001724,0.0017191,0.00106,0.0003588,0.0003642,0.0021065,0.0019243,0.0018894
8900,0.286424,3.52e-05,0.564657,0.335313,0.160626,0.383072,0.135454,7.99e-05,0.267105,0.0025063,0.0017931,0.0017674,0.0010484,0.0003411,0.0003647,0.0021897,0.001953,0.001889
9000,0.293808,4e-05,0.576904,0.339634,0.165194,0.386517,0.14193,6.68e-05,0.274309,0.002515,0.0017851,0.0020107,0.0010848,0.0003374,0.0003624,0.002225,0.0021572,0.0019148
9100,0.301276,3.6e-05,0.592583,0.35037,0.1698,0.395711,0.143855,6.96e-05,0.276341,0.0025179,0.0019909,0.001805,0.001049,0.0003448,0.0003689,0.002181,0.0019826,0.0019562
9200,0.306053,4.29e-05,0.593582,0.353894,0.173438,0.401389,0.143381,6.57e-05,0.287496,0.0026108,0.0018608,0.0026008,0.0012038,0.0003886,0.0003696,0.0022026,0.0020191,0.0019215
9300,0.314102,3.67e-05,0.616387,0.363891,0.177061,0.414011,0.148193,6.91e-05,0.29412,0.0026452,0.0019215,0.0018643,0.0011147,0.000348,0.0003744,0.0022516,0.0020471,0.0019231
9400,0.307978,4.14e-05,0.620063,0.36885,0.178471,0.420973,0.152798,6.44e-05,0.293891,0.0028751,0.0019426,0.0019004,0.0011235,0.0003504,0.0004093,0.0023862,0.0021525,0.0021692
9500,0.32488,3.75e-05,0.639103,0.380339,0.183953,0.434084,0.154718,7.21e-05,0.30215,0.0026455,0.0020478,0.00205,0.0011318,0.0003569,0.0003835,0.0022927,0.0021732,0.0020378
9600,0.337608,4.48e-05,0.650446,0.388982,0.185969,0.436555,0.159071,6.49e-05,0.316789,0.0027361,0.001916,0.0018722,0.0011226,0.0003633,0.0004381,0.0023686,0.0021253,0.0020727
9700,0.338599,3.83e-05,0.670932,0.395761,0.191109,0.459821,0.162056,6.78e-05,0.31914,0.0026933,0.0020448,0.001959,0.0011916,0.0003994,0.0004015,0.0023649,0.0022029,0.0020735
9800,0.343793,3.86e-05,0.675617,0.40644,0.195474,0.467627,0.16395,7.31e-05,0.320928,0.0027833,0.0019431,0.0019206,0.0011504,0.000419,0.0003963,0.0023695,0.0022179,0.0020748
9900,0.353376,4.36e-05,0.690901,0.412043,0.200253,0.46766,0.16873,6.71e-05,0.328247,0.0030641,0.0020681,0.002032,0.0011881,0.0003956,0.0004365,0.0026842,0.0021974,0.0020766
10000,0.360211,4.55e-05,0.706665,0.41918,0.202593,0.480027,0.173166,7.65e-05,0.339294,0.0027924,0.0020196,0.0019498,0.0012012,0.0003775,0.0004103,0.0024434,0.0022373,0.0021082
